<application>
  <component name="MaterialThemeConfig">
    <option name="compactDropdowns" value="true" />
    <option name="fileIcons" value="false" />
    <option name="highlightColorEnabled" value="true" />
    <option name="isCompactMenus" value="true" />
    <option name="isCompactStatusBar" value="true" />
    <option name="isCompactTables" value="true" />
    <option name="isContrastMode" value="true" />
    <option name="isDecoratedFolders" value="false" />
    <option name="isHighContrast" value="true" />
    <option name="isWizardShown" value="true" />
    <option name="overrideAccentColor" value="true" />
    <option name="pristineConfig" value="false" />
    <option name="upperCaseTabs" value="true" />
    <option name="useMaterialIcons" value="false" />
    <option name="settingsSelectedTab" value="6" />
    <option name="accentColor" value="009688" />
    <option name="selectedTheme" value="LIGHT_CUSTOM" />
    <option name="userId" value="6f17bec3:169abba4c4c:-8000" />
    <option name="version" value="3.10.0" />
  </component>
</application>