<application>
  <component name="MaterialCustomThemeConfig">
    <option name="excludedColor" value="2e3c43ff" />
    <option name="accentColor" value="009688ff" />
    <option name="notificationsColor" value="80cbc4ff" />
    <option name="treeSelectionColor" value="546e7aff" />
    <option name="highlightColor" value="d2d4d5ff" />
    <option name="secondBorderColor" value="d3e1e8ff" />
    <option name="tableSelectedColor" value="d2d4d5ff" />
    <option name="contrastColor" value="f4f4f4ff" />
    <option name="disabledColor" value="d2d4d5ff" />
    <option name="secondaryBackgroundColor" value="eae8e8ff" />
    <option name="buttonColor" value="f3f4f5ff" />
    <option name="selectionForegroundColor" value="ffffffff" />
    <option name="selectionBackgroundColor" value="546e7aff" />
    <option name="textColor" value="94a7b0ff" />
    <option name="foregroundColor" value="546e7aff" />
    <option name="backgroundColor" value="fafafaff" />
  </component>
</application>